Function / Call Stack,INST_RETIRED.ANY,CPU_CLK_UNHALTED.THREAD,CPU_CLK_UNHALTED.REF_TSC,DTLB_LOAD_MISSES.MISS_CAUSES_A_WALK,ITLB_MISSES.MISS_CAUSES_A_WALK,MEM_LOAD_RETIRED.L1_HIT_PS,MEM_LOAD_RETIRED.L1_MISS_PS,MEM_LOAD_RETIRED.L2_HIT_PS,MEM_LOAD_RETIRED.L2_MISS_PS,MEM_LOAD_RETIRED.L3_HIT_PS,MEM_LOAD_RETIRED.L3_MISS_PS,time_avg,time_min,time_max,type,n,r
ikj_100,2E+6,600E+3,600E+3,0,0,400E+3,0,36E+3,0,0,0,0.0001,0,0.001,ikj,100,0
ikj_200,13.6E+6,5.2E+6,4.6E+6,0,0,3E+6,260E+3,288E+3,8E+3,0,0,0.0018,0.001,0.002,ikj,200,0
ikj_300,43.6E+6,19.2E+6,15.6E+6,0,0,7.92E+6,680E+3,964E+3,116E+3,124E+3,0,0.0052,0.004,0.009,ikj,300,0
ikj_400,93.4E+6,43.8E+6,36.6E+6,0,0,20.1E+6,2.24E+6,1.74E+6,284E+3,284E+3,4E+3,0.011,0.01,0.013,ikj,400,0
ikj_500,186.8E+6,78.4E+6,64.8E+6,0,0,28.92E+6,3.78E+6,4.212E+6,852E+3,844E+3,4E+3,0.0231,0.02,0.035,ikj,500,0
ikj_600,325.4E+6,141.6E+6,116.8E+6,0,0,43.04E+6,4.38E+6,8.876E+6,1.46E+6,1.452E+6,4E+3,0.0429,0.036,0.067,ikj,600,0
ikj_700,519.8E+6,224.4E+6,185.4E+6,0,0,110.12E+6,11.5E+6,10.012E+6,1.68E+6,1.656E+6,32E+3,0.0648,0.057,0.091,ikj,700,0
ikj_800,742.6E+6,313.8E+6,258.6E+6,0,0,145.14E+6,19.38E+6,16.22E+6,2.936E+6,2.856E+6,88E+3,0.0871,0.083,0.102,ikj,800,0
ikj_900,1.0706E+9,451.8E+6,369.6E+6,0,0,210.9E+6,26.86E+6,22.148E+6,3.888E+6,3.632E+6,260E+3,0.1218,0.117,0.127,ikj,900,0
ikj_1000,1.4788E+9,628.2E+6,504.2E+6,20E+3,0,299.68E+6,37.78E+6,30.532E+6,5.456E+6,4.784E+6,664E+3,0.1845,0.172,0.209,ikj,1000,0
ikj_1100,1.9804E+9,900.2E+6,705.2E+6,0,0,384.26E+6,46.52E+6,42.252E+6,8.008E+6,6.236E+6,1.776E+6,0.2393,0.235,0.253,ikj,1100,0
ikj_1200,2.5004E+9,1.2646E+9,973.8E+6,80E+3,0,484.08E+6,60.6E+6,52.608E+6,11E+6,7E+6,3.992E+6,0.3387,0.323,0.368,ikj,1200,0
ikj_1300,3.206E+9,1.7242E+9,1.325E+9,820E+3,0,639.18E+6,78.96E+6,63.6E+6,15.488E+6,8.444E+6,7.008E+6,0.4519,0.438,0.469,ikj,1300,0
ikj_1400,4.0262E+9,2.2556E+9,1.7194E+9,1.48E+6,0,802.8E+6,99.2E+6,80.992E+6,19.796E+6,8.14E+6,11.656E+6,0.5913,0.581,0.608,ikj,1400,0
ikj_1500,4.9752E+9,2.8446E+9,2.1686E+9,1.54E+6,0,1.00436E+9,124.32E+6,95.784E+6,26.88E+6,8.928E+6,17.944E+6,0.7441,0.729,0.795,ikj,1500,0
ikj_1600,5.9166E+9,3.4894E+9,2.6694E+9,2.22E+6,0,1.1554E+9,152.92E+6,115.304E+6,37.636E+6,11.22E+6,26.412E+6,0.9021,0.89,0.943,ikj,1600,0
ikj_1700,7.147E+9,4.274E+9,3.286E+9,2.88E+6,0,1.40102E+9,179.02E+6,131.58E+6,45.824E+6,13.38E+6,32.472E+6,1.1046,1.09,1.132,ikj,1700,0
ikj_1800,8.5206E+9,5.091E+9,3.8958E+9,3.3E+6,0,1.65974E+9,211.24E+6,156.756E+6,56.364E+6,16.432E+6,39.924E+6,1.3226,1.31,1.345,ikj,1800,0
ikj_1900,10.061E+9,6.0406E+9,4.6418E+9,3.88E+6,0,1.9862E+9,251.34E+6,180.308E+6,67.916E+6,19.212E+6,48.66E+6,1.5718,1.553,1.632,ikj,1900,0
ikj_2000,11.5472E+9,6.997E+9,5.4312E+9,4.6E+6,20E+3,2.23062E+9,293.68E+6,209.06E+6,83.468E+6,23.384E+6,60.092E+6,1.8411,1.817,1.879,ikj,2000,0
ijk_ikj_100_10,7.4E+6,2.2E+6,2.6E+6,0,0,1.92E+6,0,4E+3,4E+3,0,0,0.0004,0,0.001,ijk_ikj,100,10
ijk_ikj_100_20,6.2E+6,1.2E+6,1E+6,0,0,2.32E+6,20E+3,4E+3,0,0,0,0.0005,0,0.001,ijk_ikj,100,20
ijk_ikj_100_25,4.6E+6,1E+6,2E+6,0,0,1.8E+6,0,0,0,0,0,0,0,0,ijk_ikj,100,25
ijk_ikj_200_10,65E+6,19.4E+6,15.6E+6,0,0,15.06E+6,180E+3,92E+3,0,0,0,0.0019,0.001,0.002,ijk_ikj,200,10
ijk_ikj_200_20,46.6E+6,15.2E+6,12.6E+6,0,0,15.38E+6,40E+3,24E+3,0,4E+3,0,0.0018,0.001,0.002,ijk_ikj,200,20
ijk_ikj_200_25,47.6E+6,15E+6,12.2E+6,0,0,11.5E+6,40E+3,48E+3,0,0,0,0.0016,0.001,0.002,ijk_ikj,200,25
ijk_ikj_200_40,42.2E+6,14E+6,11.4E+6,0,0,16.86E+6,0,32E+3,4E+3,8E+3,8E+3,0.0021,0.001,0.003,ijk_ikj,200,40
ijk_ikj_200_50,43E+6,15.6E+6,12E+6,0,0,16.4E+6,40E+3,24E+3,8E+3,0,0,0.0014,0.001,0.002,ijk_ikj,200,50
ijk_ikj_300_10,218.4E+6,66.4E+6,54.6E+6,0,0,53.7E+6,320E+3,396E+3,28E+3,28E+3,0,0.0067,0.006,0.008,ijk_ikj,300,10
ijk_ikj_300_12,180.6E+6,53.8E+6,44.8E+6,0,0,67.82E+6,340E+3,164E+3,20E+3,36E+3,0,0.0057,0.005,0.007,ijk_ikj,300,12
ijk_ikj_300_15,191.6E+6,56.8E+6,47.4E+6,0,0,57.9E+6,240E+3,156E+3,32E+3,32E+3,0,0.006,0.005,0.007,ijk_ikj,300,15
ijk_ikj_300_20,159E+6,51.2E+6,41.4E+6,0,0,36.42E+6,60E+3,128E+3,44E+3,24E+3,0,0.0057,0.004,0.007,ijk_ikj,300,20
ijk_ikj_300_25,160.4E+6,50.8E+6,42.6E+6,20E+3,0,62.3E+6,140E+3,84E+3,20E+3,24E+3,4E+3,0.005,0.005,0.005,ijk_ikj,300,25
ijk_ikj_300_30,157.6E+6,49.2E+6,39.8E+6,0,0,47.1E+6,80E+3,88E+3,44E+3,28E+3,0,0.0054,0.004,0.007,ijk_ikj,300,30
ijk_ikj_300_50,145.8E+6,50.4E+6,41.6E+6,0,0,46.7E+6,40E+3,116E+3,28E+3,28E+3,0,0.0057,0.004,0.007,ijk_ikj,300,50
ijk_ikj_300_60,138.6E+6,45.4E+6,38.6E+6,0,0,40.04E+6,120E+3,156E+3,36E+3,16E+3,4E+3,0.0057,0.004,0.009,ijk_ikj,300,60
ijk_ikj_300_75,140.2E+6,44.6E+6,37.2E+6,0,0,66.02E+6,620E+3,280E+3,16E+3,24E+3,4E+3,0.0046,0.004,0.006,ijk_ikj,300,75
ijk_ikj_400_10,518E+6,145.8E+6,119.6E+6,0,0,156.26E+6,1.02E+6,728E+3,92E+3,88E+3,0,0.0139,0.013,0.017,ijk_ikj,400,10
ijk_ikj_400_16,397.2E+6,119.4E+6,98.6E+6,0,0,120.16E+6,460E+3,308E+3,112E+3,112E+3,4E+3,0.0124,0.011,0.014,ijk_ikj,400,16
ijk_ikj_400_20,377.2E+6,121.8E+6,100.8E+6,0,0,111.18E+6,260E+3,228E+3,124E+3,108E+3,4E+3,0.0117,0.011,0.013,ijk_ikj,400,20
ijk_ikj_400_25,382E+6,112E+6,93.2E+6,0,0,118.3E+6,280E+3,188E+3,128E+3,104E+3,4E+3,0.0118,0.011,0.013,ijk_ikj,400,25
ijk_ikj_400_40,339.8E+6,107E+6,88.4E+6,0,0,95.1E+6,200E+3,256E+3,84E+3,100E+3,4E+3,0.0124,0.01,0.016,ijk_ikj,400,40
ijk_ikj_400_50,345.2E+6,113.4E+6,94.4E+6,0,0,145.34E+6,400E+3,244E+3,52E+3,32E+3,0,0.0107,0.01,0.013,ijk_ikj,400,50
ijk_ikj_400_80,322.4E+6,106.4E+6,89.4E+6,0,0,153.3E+6,2.16E+6,1.18E+6,40E+3,16E+3,0,0.013,0.01,0.021,ijk_ikj,400,80
ijk_ikj_400_100,318E+6,109.8E+6,90E+6,0,0,135.38E+6,2.7E+6,1.86E+6,32E+3,56E+3,0,0.01,0.009,0.011,ijk_ikj,400,100
ijk_ikj_500_10,1.0132E+9,261.4E+6,216E+6,0,0,229.4E+6,1.6E+6,1.956E+6,348E+3,344E+3,4E+3,0.026,0.023,0.036,ijk_ikj,500,10
ijk_ikj_500_20,737.2E+6,221.8E+6,182.8E+6,0,0,232.38E+6,640E+3,388E+3,336E+3,340E+3,4E+3,0.0207,0.02,0.025,ijk_ikj,500,20
ijk_ikj_500_25,744.4E+6,231.6E+6,191.2E+6,0,0,245.66E+6,700E+3,368E+3,256E+3,248E+3,0,0.021,0.016,0.026,ijk_ikj,500,25
ijk_ikj_500_50,675E+6,203.2E+6,168.2E+6,0,0,205.18E+6,480E+3,556E+3,124E+3,120E+3,4E+3,0.0199,0.016,0.031,ijk_ikj,500,50
ijk_ikj_500_100,622.4E+6,203.4E+6,168.6E+6,0,20E+3,246.94E+6,5.26E+6,4.004E+6,76E+3,72E+3,16E+3,0.0233,0.021,0.026,ijk_ikj,500,100
ijk_ikj_500_125,624E+6,207.2E+6,172.8E+6,0,40E+3,264.58E+6,5.46E+6,3.364E+6,220E+3,216E+3,4E+3,0.0206,0.017,0.026,ijk_ikj,500,125
ijk_ikj_600_10,1.7514E+9,480.8E+6,396.2E+6,20E+3,0,476.78E+6,3.34E+6,2.52E+6,912E+3,916E+3,0,0.0386,0.035,0.059,ijk_ikj,600,10
ijk_ikj_600_12,1.4536E+9,410E+6,338.4E+6,20E+3,0,418.06E+6,1.92E+6,1.28E+6,928E+3,884E+3,4E+3,0.0371,0.031,0.053,ijk_ikj,600,12
ijk_ikj_600_15,1.5326E+9,408.8E+6,337.2E+6,0,0,496.54E+6,1.6E+6,680E+3,780E+3,784E+3,4E+3,0.0371,0.031,0.052,ijk_ikj,600,15
ijk_ikj_600_20,1.2746E+9,351E+6,291.8E+6,0,0,378.76E+6,960E+3,420E+3,740E+3,712E+3,0,0.0343,0.029,0.05,ijk_ikj,600,20
ijk_ikj_600_24,1.232E+9,337.2E+6,279E+6,0,0,362.38E+6,880E+3,404E+3,696E+3,672E+3,4E+3,0.0305,0.029,0.041,ijk_ikj,600,24
ijk_ikj_600_25,1.2848E+9,373.8E+6,307.4E+6,0,0,386.2E+6,960E+3,356E+3,644E+3,652E+3,8E+3,0.0344,0.026,0.049,ijk_ikj,600,25
ijk_ikj_600_30,1.2582E+9,364.2E+6,300.6E+6,0,0,468.78E+6,860E+3,400E+3,372E+3,356E+3,0,0.0303,0.027,0.04,ijk_ikj,600,30
ijk_ikj_600_40,1.148E+9,341.8E+6,281.8E+6,0,0,510.28E+6,1E+6,460E+3,240E+3,240E+3,8E+3,0.0294,0.024,0.046,ijk_ikj,600,40
ijk_ikj_600_50,1.1644E+9,346.6E+6,287E+6,0,0,463.2E+6,800E+3,564E+3,192E+3,180E+3,8E+3,0.029,0.026,0.043,ijk_ikj,600,50
ijk_ikj_600_60,1.1066E+9,347.4E+6,286.2E+6,0,0,415.96E+6,1.68E+6,1.096E+6,192E+3,168E+3,8E+3,0.0361,0.026,0.053,ijk_ikj,600,60
ijk_ikj_600_75,1.1246E+9,343.2E+6,285.4E+6,20E+3,0,403.5E+6,3.5E+6,3.408E+6,180E+3,172E+3,4E+3,0.031,0.027,0.043,ijk_ikj,600,75
ijk_ikj_600_100,1.0742E+9,343E+6,283.6E+6,0,0,393.2E+6,8.62E+6,7.548E+6,260E+3,240E+3,8E+3,0.0408,0.031,0.059,ijk_ikj,600,100
ijk_ikj_600_120,1.0664E+9,350.2E+6,289.6E+6,20E+3,0,363.46E+6,7.92E+6,7.976E+6,480E+3,460E+3,16E+3,0.0396,0.037,0.045,ijk_ikj,600,120
ijk_ikj_600_150,1.0718E+9,382.4E+6,316E+6,0,0,379.9E+6,6.54E+6,6.156E+6,644E+3,652E+3,16E+3,0.0346,0.027,0.046,ijk_ikj,600,150
ijk_ikj_700_10,2.7798E+9,742.2E+6,615.2E+6,0,0,729.86E+6,5.14E+6,3.484E+6,2.092E+6,2.076E+6,4E+3,0.0558,0.054,0.058,ijk_ikj,700,10
ijk_ikj_700_14,2.436E+9,635.4E+6,526.6E+6,0,0,737.5E+6,2.76E+6,1.084E+6,1.58E+6,1.56E+6,4E+3,0.0501,0.047,0.053,ijk_ikj,700,14
ijk_ikj_700_20,2.0236E+9,558.8E+6,463.2E+6,20E+3,0,766.3E+6,1.8E+6,404E+3,1.04E+6,1.024E+6,8E+3,0.051,0.042,0.075,ijk_ikj,700,20
ijk_ikj_700_25,2.0416E+9,545.8E+6,451.8E+6,0,0,662.5E+6,1.64E+6,568E+3,1.032E+6,1.012E+6,0,0.0476,0.042,0.071,ijk_ikj,700,25
ijk_ikj_700_28,1.9064E+9,531E+6,439.8E+6,0,0,574.34E+6,1.38E+6,688E+3,880E+3,852E+3,0,0.0483,0.041,0.069,ijk_ikj,700,28
ijk_ikj_700_35,1.9668E+9,553.4E+6,458.8E+6,0,20E+3,752.36E+6,1.66E+6,828E+3,544E+3,540E+3,12E+3,0.0449,0.041,0.07,ijk_ikj,700,35
ijk_ikj_700_50,1.8488E+9,518.6E+6,428.6E+6,0,0,602.74E+6,1.1E+6,804E+3,368E+3,336E+3,24E+3,0.0506,0.041,0.081,ijk_ikj,700,50
ijk_ikj_700_70,1.786E+9,532.2E+6,439.6E+6,0,0,711.96E+6,3.4E+6,2.884E+6,264E+3,244E+3,24E+3,0.052,0.043,0.082,ijk_ikj,700,70
ijk_ikj_700_100,1.7062E+9,578.4E+6,477.6E+6,0,0,599.64E+6,12.84E+6,12.488E+6,480E+3,460E+3,0,0.0495,0.043,0.061,ijk_ikj,700,100
ijk_ikj_700_140,1.684E+9,565.8E+6,468.6E+6,20E+3,0,548.2E+6,10.88E+6,11.876E+6,1.316E+6,1.308E+6,12E+3,0.0637,0.061,0.065,ijk_ikj,700,140
ijk_ikj_700_175,1.6956E+9,573.8E+6,474.2E+6,0,0,603.48E+6,11.86E+6,9.672E+6,2.032E+6,1.984E+6,24E+3,0.0466,0.043,0.064,ijk_ikj,700,175
ijk_ikj_800_10,4.1516E+9,1.1808E+9,976.8E+6,40E+3,80E+3,1.11364E+9,7.5E+6,3.776E+6,3.876E+6,3.856E+6,4E+3,0.091,0.078,0.134,ijk_ikj,800,10
ijk_ikj_800_16,3.1758E+9,826.6E+6,683.6E+6,80E+3,0,1.03802E+9,3.22E+6,680E+3,2.4E+6,2.38E+6,8E+3,0.0671,0.063,0.082,ijk_ikj,800,16
ijk_ikj_800_20,3.0214E+9,820.2E+6,677.8E+6,40E+3,0,1.00036E+9,2.66E+6,480E+3,1.976E+6,1.952E+6,0,0.0677,0.061,0.082,ijk_ikj,800,20
ijk_ikj_800_25,3.048E+9,806.2E+6,668.4E+6,40E+3,0,999.62E+6,2.48E+6,832E+3,1.596E+6,1.576E+6,12E+3,0.0653,0.061,0.079,ijk_ikj,800,25
ijk_ikj_800_32,2.7942E+9,797.4E+6,659.8E+6,0,0,980.24E+6,2.42E+6,1.404E+6,1.052E+6,992E+3,20E+3,0.079,0.06,0.123,ijk_ikj,800,32
ijk_ikj_800_40,2.7202E+9,776.2E+6,641.2E+6,40E+3,0,1.00068E+9,2.2E+6,1.348E+6,744E+3,740E+3,16E+3,0.0634,0.056,0.101,ijk_ikj,800,40
ijk_ikj_800_50,2.7594E+9,809.8E+6,670.6E+6,0,20E+3,1.10958E+9,2.36E+6,1.392E+6,472E+3,428E+3,16E+3,0.0582,0.057,0.06,ijk_ikj,800,50
ijk_ikj_800_80,2.5754E+9,832E+6,686.4E+6,20E+3,0,917.6E+6,13.68E+6,13.06E+6,396E+3,372E+3,20E+3,0.0739,0.065,0.085,ijk_ikj,800,80
ijk_ikj_800_100,2.5466E+9,898.2E+6,742E+6,20E+3,80E+3,847.82E+6,17.14E+6,18.504E+6,692E+3,648E+3,24E+3,0.0725,0.067,0.094,ijk_ikj,800,100
ijk_ikj_800_160,2.5046E+9,847.6E+6,702.4E+6,20E+3,20E+3,913.5E+6,19.22E+6,15.428E+6,2.156E+6,2.132E+6,36E+3,0.0982,0.095,0.1,ijk_ikj,800,160
ijk_ikj_800_200,2.4896E+9,857E+6,710E+6,0,0,888.86E+6,18.16E+6,13.924E+6,3.76E+6,3.696E+6,40E+3,0.0656,0.063,0.078,ijk_ikj,800,200
ijk_ikj_900_10,5.9102E+9,1.5246E+9,1.2608E+9,120E+3,0,1.51866E+9,10.92E+6,5.704E+6,6.752E+6,6.72E+6,20E+3,0.1228,0.113,0.18,ijk_ikj,900,10
ijk_ikj_900_12,4.9016E+9,1.3062E+9,1.0794E+9,140E+3,0,1.47708E+9,7.32E+6,1.536E+6,5.524E+6,5.5E+6,20E+3,0.1127,0.093,0.162,ijk_ikj,900,12
ijk_ikj_900_15,5.1688E+9,1.3176E+9,1.091E+9,80E+3,0,1.61046E+9,5.46E+6,780E+3,4.528E+6,4.476E+6,8E+3,0.1049,0.096,0.163,ijk_ikj,900,15
ijk_ikj_900_18,4.7838E+9,1.288E+9,1.0648E+9,60E+3,0,1.51186E+9,4.44E+6,808E+3,3.588E+6,3.564E+6,40E+3,0.1073,0.093,0.168,ijk_ikj,900,18
ijk_ikj_900_20,4.3012E+9,1.1786E+9,975.2E+6,120E+3,0,1.3971E+9,3.7E+6,704E+3,3.084E+6,3.04E+6,20E+3,0.0981,0.087,0.153,ijk_ikj,900,20
ijk_ikj_900_25,4.3392E+9,1.1818E+9,979.2E+6,60E+3,0,1.47238E+9,3.82E+6,1.272E+6,2.18E+6,2.184E+6,28E+3,0.086,0.085,0.088,ijk_ikj,900,25
ijk_ikj_900_30,4.2454E+9,1.1494E+9,950E+6,80E+3,0,1.50798E+9,3.4E+6,1.492E+6,1.468E+6,1.444E+6,16E+3,0.0992,0.086,0.178,ijk_ikj,900,30
ijk_ikj_900_36,3.9208E+9,1.092E+9,903E+6,40E+3,0,1.46726E+9,3.26E+6,1.796E+6,1.176E+6,1.12E+6,24E+3,0.098,0.088,0.179,ijk_ikj,900,36
ijk_ikj_900_45,3.945E+9,1.113E+9,918.6E+6,40E+3,0,1.47582E+9,3.06E+6,1.908E+6,860E+3,824E+3,24E+3,0.0902,0.079,0.15,ijk_ikj,900,45
ijk_ikj_900_50,3.9288E+9,1.0876E+9,900E+6,60E+3,0,1.49084E+9,2.34E+6,1.36E+6,680E+3,624E+3,40E+3,0.0966,0.087,0.155,ijk_ikj,900,50
ijk_ikj_900_60,3.7366E+9,1.0642E+9,881.6E+6,40E+3,0,1.43316E+9,3.1E+6,1.996E+6,584E+3,540E+3,28E+3,0.0945,0.08,0.152,ijk_ikj,900,60
ijk_ikj_900_75,3.7952E+9,1.1096E+9,918.6E+6,0,0,1.38086E+9,11.08E+6,9.868E+6,592E+3,536E+3,36E+3,0.0926,0.081,0.154,ijk_ikj,900,75
ijk_ikj_900_90,3.7204E+9,1.1858E+9,982.2E+6,20E+3,0,1.31996E+9,27.72E+6,26.18E+6,560E+3,512E+3,44E+3,0.1061,0.098,0.137,ijk_ikj,900,90
ijk_ikj_900_100,3.6252E+9,1.1694E+9,967.8E+6,20E+3,0,1.19768E+9,26.98E+6,29.248E+6,816E+3,740E+3,32E+3,0.1167,0.108,0.153,ijk_ikj,900,100
ijk_ikj_900_150,3.618E+9,1.2582E+9,1.0428E+9,0,0,1.32392E+9,25.36E+6,21.744E+6,2.616E+6,2.532E+6,44E+3,0.1283,0.112,0.192,ijk_ikj,900,150
ijk_ikj_900_180,3.5542E+9,1.207E+9,996.2E+6,0,0,1.24642E+9,24.14E+6,20.916E+6,4.284E+6,4.244E+6,24E+3,0.1551,0.133,0.229,ijk_ikj,900,180
ijk_ikj_900_225,3.5594E+9,1.2496E+9,1.0326E+9,40E+3,0,1.24554E+9,23.4E+6,18.616E+6,5.812E+6,5.772E+6,108E+3,0.1014,0.088,0.149,ijk_ikj,900,225
ijk_ikj_1000_10,8.1064E+9,2.1254E+9,1.761E+9,340E+3,0,2.19514E+9,15.72E+6,6.464E+6,9.88E+6,9.816E+6,32E+3,0.1694,0.151,0.243,ijk_ikj,1000,10
ijk_ikj_1000_20,5.8998E+9,1.7042E+9,1.409E+9,180E+3,0,1.9143E+9,5.74E+6,1.54E+6,4.312E+6,4.248E+6,48E+3,0.135,0.118,0.198,ijk_ikj,1000,20
ijk_ikj_1000_25,5.9522E+9,1.6352E+9,1.353E+9,120E+3,0,2.02284E+9,5.38E+6,2.036E+6,2.984E+6,2.912E+6,32E+3,0.1327,0.115,0.194,ijk_ikj,1000,25
ijk_ikj_1000_40,5.3132E+9,1.5292E+9,1.2658E+9,100E+3,0,2.03764E+9,4.36E+6,2.496E+6,1.452E+6,1.388E+6,100E+3,0.1301,0.115,0.193,ijk_ikj,1000,40
ijk_ikj_1000_50,5.3908E+9,1.5174E+9,1.2548E+9,80E+3,0,1.95E+9,3.8E+6,2.792E+6,984E+3,868E+3,44E+3,0.1141,0.107,0.144,ijk_ikj,1000,50
ijk_ikj_1000_100,4.9742E+9,1.6082E+9,1.3306E+9,80E+3,0,1.7371E+9,40.38E+6,39.092E+6,900E+3,812E+3,68E+3,0.1416,0.137,0.157,ijk_ikj,1000,100
ijk_ikj_1000_125,4.9884E+9,1.6802E+9,1.3864E+9,40E+3,0,1.72198E+9,37.6E+6,36.688E+6,1.94E+6,1.808E+6,108E+3,0.1283,0.122,0.168,ijk_ikj,1000,125
ijk_ikj_1000_200,4.8638E+9,1.6486E+9,1.3642E+9,40E+3,0,1.70658E+9,34.32E+6,27.772E+6,7.536E+6,7.388E+6,108E+3,0.1965,0.186,0.24,ijk_ikj,1000,200
ijk_ikj_1000_250,4.8794E+9,1.6952E+9,1.4036E+9,60E+3,0,1.70124E+9,31.84E+6,25.24E+6,8.18E+6,8.168E+6,72E+3,0.1364,0.119,0.204,ijk_ikj,1000,250
ijk_ikj_1100_10,10.7906E+9,3.0012E+9,2.4822E+9,1.1E+6,0,2.93036E+9,20.86E+6,5.656E+6,15.54E+6,15.44E+6,56E+3,0.2336,0.2,0.321,ijk_ikj,1100,10
ijk_ikj_1100_11,10.632E+9,3.0128E+9,2.49E+9,560E+3,0,3.02658E+9,16.8E+6,1.216E+6,15.6E+6,15.492E+6,76E+3,0.2216,0.207,0.297,ijk_ikj,1100,11
ijk_ikj_1100_20,7.8538E+9,2.227E+9,1.8418E+9,400E+3,0,2.62898E+9,7.08E+6,1.124E+6,5.7E+6,5.556E+6,96E+3,0.1757,0.158,0.223,ijk_ikj,1100,20
ijk_ikj_1100_22,8.2834E+9,2.3488E+9,1.9434E+9,380E+3,0,2.74828E+9,6.62E+6,1.32E+6,4.836E+6,4.696E+6,148E+3,0.1943,0.161,0.259,ijk_ikj,1100,22
ijk_ikj_1100_25,7.9236E+9,2.209E+9,1.8282E+9,440E+3,0,2.67058E+9,7E+6,2.232E+6,4.076E+6,3.952E+6,152E+3,0.1699,0.153,0.228,ijk_ikj,1100,25
ijk_ikj_1100_44,7.0022E+9,1.9688E+9,1.6268E+9,180E+3,0,2.66604E+9,4.86E+6,2.944E+6,1.644E+6,1.488E+6,100E+3,0.1732,0.152,0.239,ijk_ikj,1100,44
ijk_ikj_1100_50,7.173E+9,2.0992E+9,1.7362E+9,100E+3,0,2.7587E+9,5.62E+6,3.704E+6,1.284E+6,1.136E+6,108E+3,0.1626,0.151,0.223,ijk_ikj,1100,50
ijk_ikj_1100_55,7.1496E+9,2.0198E+9,1.67E+9,180E+3,0,2.70258E+9,5.76E+6,3.588E+6,1.248E+6,1.104E+6,116E+3,0.1539,0.143,0.198,ijk_ikj,1100,55
ijk_ikj_1100_100,6.6212E+9,2.2258E+9,1.8408E+9,120E+3,0,2.31804E+9,53.6E+6,51.568E+6,1.432E+6,1.24E+6,124E+3,0.1923,0.168,0.254,ijk_ikj,1100,100
ijk_ikj_1100_110,6.7078E+9,2.2198E+9,1.835E+9,80E+3,0,2.36574E+9,52.66E+6,50.02E+6,1.804E+6,1.632E+6,132E+3,0.2031,0.183,0.259,ijk_ikj,1100,110
ijk_ikj_1100_220,6.4598E+9,2.1836E+9,1.8012E+9,60E+3,20E+3,2.27058E+9,43.82E+6,34.42E+6,10.872E+6,10.752E+6,120E+3,0.2512,0.242,0.268,ijk_ikj,1100,220
ijk_ikj_1100_275,6.4898E+9,2.1666E+9,1.7962E+9,40E+3,0,2.30854E+9,43.16E+6,33.68E+6,10.44E+6,10.352E+6,112E+3,0.1861,0.156,0.269,ijk_ikj,1100,275
ijk_ikj_1200_10,14.009E+9,3.736E+9,3.0912E+9,940E+3,0,3.77574E+9,26.06E+6,6.192E+6,20.66E+6,20.504E+6,124E+3,0.303,0.262,0.407,ijk_ikj,1200,10
ijk_ikj_1200_12,11.621E+9,3.0842E+9,2.5552E+9,680E+3,0,3.48178E+9,16.86E+6,1.38E+6,15.208E+6,15.064E+6,68E+3,0.2599,0.221,0.312,ijk_ikj,1200,12
ijk_ikj_1200_15,12.2514E+9,3.1562E+9,2.6128E+9,660E+3,0,3.75538E+9,13.04E+6,1.056E+6,11.956E+6,11.852E+6,112E+3,0.2433,0.225,0.361,ijk_ikj,1200,15
ijk_ikj_1200_16,10.7194E+9,2.8154E+9,2.3314E+9,600E+3,0,3.3664E+9,11.12E+6,1.128E+6,10.132E+6,10.008E+6,124E+3,0.228,0.205,0.36,ijk_ikj,1200,16
ijk_ikj_1200_20,10.1958E+9,2.8106E+9,2.326E+9,720E+3,0,3.41664E+9,9.32E+6,1.564E+6,7.624E+6,7.456E+6,152E+3,0.2174,0.2,0.299,ijk_ikj,1200,20
ijk_ikj_1200_24,9.8534E+9,2.7016E+9,2.2344E+9,620E+3,0,3.39428E+9,9.9E+6,2.968E+6,6.232E+6,6.088E+6,140E+3,0.2282,0.201,0.329,ijk_ikj,1200,24
ijk_ikj_1200_25,10.287E+9,2.8286E+9,2.3408E+9,800E+3,0,3.45752E+9,9.46E+6,3.352E+6,5.34E+6,5.116E+6,228E+3,0.2064,0.195,0.239,ijk_ikj,1200,25
ijk_ikj_1200_30,10.0628E+9,2.7736E+9,2.296E+9,540E+3,0,3.55198E+9,8.28E+6,3.624E+6,3.628E+6,3.388E+6,204E+3,0.2016,0.191,0.261,ijk_ikj,1200,30
ijk_ikj_1200_40,9.1832E+9,2.6272E+9,2.175E+9,500E+3,0,3.38834E+9,7.36E+6,4.516E+6,2.628E+6,2.396E+6,188E+3,0.2182,0.194,0.293,ijk_ikj,1200,40
ijk_ikj_1200_48,9.0172E+9,2.5644E+9,2.1238E+9,340E+3,0,3.44486E+9,5.96E+6,3.64E+6,1.86E+6,1.64E+6,160E+3,0.2207,0.199,0.31,ijk_ikj,1200,48
ijk_ikj_1200_50,9.3142E+9,2.6602E+9,2.2018E+9,320E+3,0,3.51062E+9,6E+6,4.164E+6,1.668E+6,1.432E+6,152E+3,0.2009,0.183,0.261,ijk_ikj,1200,50
ijk_ikj_1200_60,8.8546E+9,2.5668E+9,2.1216E+9,280E+3,0,3.3916E+9,7.02E+6,4.476E+6,1.372E+6,1.172E+6,140E+3,0.1876,0.182,0.2,ijk_ikj,1200,60
ijk_ikj_1200_75,8.9938E+9,2.6782E+9,2.2162E+9,80E+3,0,3.36944E+9,30.16E+6,25.088E+6,1.3E+6,1.072E+6,188E+3,0.2,0.19,0.251,ijk_ikj,1200,75
ijk_ikj_1200_80,8.6926E+9,2.7478E+9,2.2746E+9,80E+3,0,3.1476E+9,49.48E+6,46.264E+6,1.32E+6,1.076E+6,176E+3,0.2158,0.203,0.231,ijk_ikj,1200,80
ijk_ikj_1200_100,8.5962E+9,2.814E+9,2.3314E+9,240E+3,0,2.93332E+9,67.78E+6,68.944E+6,1.508E+6,1.28E+6,168E+3,0.2281,0.199,0.303,ijk_ikj,1200,100
ijk_ikj_1200_120,8.531E+9,2.8688E+9,2.3722E+9,140E+3,0,2.94598E+9,68.04E+6,66.904E+6,2.828E+6,2.548E+6,192E+3,0.252,0.235,0.35,ijk_ikj,1200,120
ijk_ikj_1200_150,8.5772E+9,2.838E+9,2.3502E+9,160E+3,0,2.957E+9,60.28E+6,58.58E+6,4.836E+6,4.688E+6,164E+3,0.2112,0.202,0.235,ijk_ikj,1200,150
ijk_ikj_1200_200,8.404E+9,3.0088E+9,2.4794E+9,40E+3,20E+3,2.91526E+9,58.02E+6,48.388E+6,13.208E+6,13.02E+6,196E+3,0.2777,0.263,0.323,ijk_ikj,1200,200
ijk_ikj_1200_240,8.372E+9,2.9582E+9,2.4358E+9,60E+3,0,3.02048E+9,58.28E+6,43.732E+6,14.24E+6,14.1E+6,152E+3,0.3245,0.315,0.36,ijk_ikj,1200,240
ijk_ikj_1200_300,8.3412E+9,2.927E+9,2.4212E+9,100E+3,0,3.02616E+9,52.8E+6,41.952E+6,11.164E+6,11.044E+6,88E+3,0.2263,0.206,0.361,ijk_ikj,1200,300
ijk_ikj_1300_10,17.8106E+9,4.84E+9,4.0028E+9,4.06E+6,0,4.86052E+9,34.54E+6,6.396E+6,28.512E+6,28.3E+6,160E+3,0.375,0.337,0.552,ijk_ikj,1300,10
ijk_ikj_1300_13,15.6416E+9,4.1466E+9,3.431E+9,2.76E+6,0,4.57678E+9,20.86E+6,868E+3,19.94E+6,19.692E+6,220E+3,0.3055,0.296,0.38,ijk_ikj,1300,13
ijk_ikj_1300_20,12.9642E+9,3.6062E+9,2.9856E+9,1.64E+6,0,4.3287E+9,11.88E+6,1.564E+6,9.912E+6,9.648E+6,212E+3,0.2709,0.263,0.286,ijk_ikj,1300,20
ijk_ikj_1300_25,13.078E+9,3.55E+9,2.9366E+9,1.6E+6,0,4.47802E+9,11.44E+6,3.252E+6,6.784E+6,6.392E+6,324E+3,0.263,0.252,0.301,ijk_ikj,1300,25
ijk_ikj_1300_26,13.1644E+9,3.5384E+9,2.9296E+9,1.22E+6,20E+3,4.50068E+9,10.32E+6,2.828E+6,6.268E+6,5.988E+6,252E+3,0.2723,0.26,0.317,ijk_ikj,1300,26
ijk_ikj_1300_50,11.8426E+9,3.3028E+9,2.7318E+9,600E+3,0,4.38736E+9,6.9E+6,4.312E+6,2.116E+6,1.828E+6,236E+3,0.2653,0.247,0.365,ijk_ikj,1300,50
ijk_ikj_1300_52,11.3848E+9,3.2374E+9,2.6788E+9,540E+3,0,4.32332E+9,7.14E+6,4.36E+6,2.124E+6,1.824E+6,232E+3,0.2595,0.254,0.274,ijk_ikj,1300,52
ijk_ikj_1300_65,11.4392E+9,3.3068E+9,2.7354E+9,340E+3,0,4.29206E+9,13.28E+6,9.236E+6,1.82E+6,1.476E+6,236E+3,0.2548,0.235,0.347,ijk_ikj,1300,65
ijk_ikj_1300_100,10.9276E+9,3.5476E+9,2.9348E+9,300E+3,0,3.81706E+9,88.36E+6,85.392E+6,2.008E+6,1.724E+6,228E+3,0.3126,0.307,0.333,ijk_ikj,1300,100
ijk_ikj_1300_130,10.9772E+9,3.559E+9,2.9414E+9,200E+3,0,3.7778E+9,80.18E+6,79.308E+6,4.476E+6,4.168E+6,216E+3,0.3191,0.301,0.366,ijk_ikj,1300,130
ijk_ikj_1300_260,10.6276E+9,3.6304E+9,2.9802E+9,140E+3,0,3.8233E+9,72.1E+6,54.068E+6,17.528E+6,17.316E+6,188E+3,0.4056,0.398,0.422,ijk_ikj,1300,260
ijk_ikj_1300_325,10.6402E+9,3.639E+9,3.011E+9,80E+3,0,3.89332E+9,67.5E+6,52.068E+6,14.196E+6,14.092E+6,108E+3,0.3023,0.259,0.433,ijk_ikj,1300,325
ijk_ikj_1400_10,22.2466E+9,5.939E+9,4.9124E+9,5.72E+6,0,6.08668E+9,43.4E+6,7.408E+6,36.272E+6,35.936E+6,252E+3,0.4812,0.423,0.744,ijk_ikj,1400,10
ijk_ikj_1400_14,19.4908E+9,5.0906E+9,4.2114E+9,4.1E+6,0,5.87858E+9,22.14E+6,1.168E+6,20.736E+6,20.46E+6,240E+3,0.3751,0.362,0.431,ijk_ikj,1400,14
ijk_ikj_1400_20,16.19E+9,4.543E+9,3.753E+9,2.8E+6,0,5.47592E+9,15E+6,1.928E+6,12.428E+6,12.032E+6,320E+3,0.3573,0.328,0.418,ijk_ikj,1400,20
ijk_ikj_1400_25,16.3336E+9,4.5478E+9,3.7588E+9,2.52E+6,0,5.54664E+9,14.68E+6,4.472E+6,8.672E+6,8.02E+6,552E+3,0.3286,0.309,0.407,ijk_ikj,1400,25
ijk_ikj_1400_28,15.2628E+9,4.2754E+9,3.537E+9,1.9E+6,0,5.44038E+9,13.48E+6,5E+6,7.076E+6,6.532E+6,440E+3,0.3163,0.308,0.341,ijk_ikj,1400,28
ijk_ikj_1400_35,15.7292E+9,4.2914E+9,3.5536E+9,1.42E+6,0,5.6038E+9,13.24E+6,7.62E+6,5.036E+6,4.5E+6,444E+3,0.315,0.3,0.419,ijk_ikj,1400,35
ijk_ikj_1400_40,14.5804E+9,4.1634E+9,3.4404E+9,1.14E+6,20E+3,5.41558E+9,11.68E+6,7.052E+6,4.224E+6,3.636E+6,440E+3,0.3011,0.294,0.333,ijk_ikj,1400,40
ijk_ikj_1400_50,14.7884E+9,4.1322E+9,3.4198E+9,760E+3,0,5.51874E+9,8.38E+6,5.028E+6,2.612E+6,2.124E+6,376E+3,0.3137,0.288,0.351,ijk_ikj,1400,50
ijk_ikj_1400_56,14.1356E+9,4.2138E+9,3.4884E+9,640E+3,0,5.38496E+9,12.66E+6,8.564E+6,2.6E+6,2.012E+6,484E+3,0.3494,0.318,0.406,ijk_ikj,1400,56
ijk_ikj_1400_70,14.2864E+9,4.2758E+9,3.538E+9,560E+3,0,5.34496E+9,23.7E+6,17.88E+6,2.16E+6,1.636E+6,400E+3,0.3319,0.294,0.422,ijk_ikj,1400,70
ijk_ikj_1400_100,13.6492E+9,4.419E+9,3.6578E+9,300E+3,0,4.73356E+9,110.84E+6,109.016E+6,2.184E+6,1.776E+6,332E+3,0.3805,0.355,0.437,ijk_ikj,1400,100
ijk_ikj_1400_140,13.4744E+9,4.4654E+9,3.6862E+9,180E+3,0,4.81122E+9,99.64E+6,92.088E+6,6.124E+6,5.78E+6,276E+3,0.3958,0.371,0.469,ijk_ikj,1400,140
ijk_ikj_1400_175,13.5722E+9,4.5024E+9,3.7284E+9,180E+3,0,4.82564E+9,96.26E+6,81.596E+6,13.892E+6,13.564E+6,240E+3,0.3885,0.316,0.485,ijk_ikj,1400,175
ijk_ikj_1400_200,13.3448E+9,4.5672E+9,3.77E+9,140E+3,0,4.63268E+9,92.78E+6,76.56E+6,21.264E+6,20.936E+6,304E+3,0.3754,0.366,0.402,ijk_ikj,1400,200
ijk_ikj_1400_280,13.2584E+9,4.6366E+9,3.8052E+9,140E+3,0,4.76678E+9,88.14E+6,67.828E+6,21.532E+6,21.236E+6,224E+3,0.5154,0.493,0.649,ijk_ikj,1400,280
ijk_ikj_1400_350,13.2914E+9,4.7722E+9,3.9444E+9,100E+3,0,4.8617E+9,80.04E+6,65.544E+6,16.1E+6,15.884E+6,160E+3,0.3493,0.321,0.489,ijk_ikj,1400,350
ijk_ikj_1500_10,27.3586E+9,7.7664E+9,6.426E+9,14.22E+6,20E+3,7.43864E+9,51.78E+6,6.648E+6,46.408E+6,45.956E+6,368E+3,0.5737,0.532,0.727,ijk_ikj,1500,10
ijk_ikj_1500_12,22.6946E+9,6.4834E+9,5.3638E+9,10.04E+6,0,6.75682E+9,33.48E+6,1.64E+6,31.984E+6,31.564E+6,372E+3,0.4829,0.447,0.58,ijk_ikj,1500,12
ijk_ikj_1500_15,23.9274E+9,6.572E+9,5.4382E+9,7.46E+6,0,7.39382E+9,25.5E+6,1.788E+6,23.676E+6,22.996E+6,536E+3,0.4691,0.442,0.544,ijk_ikj,1500,15
ijk_ikj_1500_20,19.9142E+9,5.7834E+9,4.7822E+9,4.68E+6,0,6.6926E+9,19.2E+6,2.864E+6,15.408E+6,14.788E+6,504E+3,0.4138,0.397,0.468,ijk_ikj,1500,20
ijk_ikj_1500_25,20.0896E+9,5.6308E+9,4.6608E+9,3.64E+6,0,6.72642E+9,17.12E+6,4.848E+6,10.916E+6,10.272E+6,520E+3,0.4112,0.381,0.496,ijk_ikj,1500,25
ijk_ikj_1500_30,19.6522E+9,5.5892E+9,4.6258E+9,2.6E+6,0,6.9852E+9,16.76E+6,7.14E+6,7.448E+6,6.576E+6,692E+3,0.4212,0.389,0.504,ijk_ikj,1500,30
ijk_ikj_1500_50,18.1896E+9,5.4924E+9,4.54E+9,1E+6,20E+3,6.75842E+9,13.96E+6,9.956E+6,3.304E+6,2.548E+6,584E+3,0.396,0.385,0.418,ijk_ikj,1500,50
ijk_ikj_1500_60,17.2938E+9,5.3302E+9,4.4096E+9,800E+3,20E+3,6.64422E+9,16.36E+6,12.284E+6,2.788E+6,1.976E+6,636E+3,0.4314,0.397,0.498,ijk_ikj,1500,60
ijk_ikj_1500_75,17.57E+9,5.376E+9,4.4466E+9,580E+3,0,6.5116E+9,56.52E+6,48.74E+6,2.716E+6,1.992E+6,548E+3,0.376,0.367,0.404,ijk_ikj,1500,75
ijk_ikj_1500_100,16.7902E+9,5.6352E+9,4.663E+9,460E+3,20E+3,5.8384E+9,132.56E+6,130.84E+6,3.112E+6,2.536E+6,468E+3,0.4189,0.408,0.432,ijk_ikj,1500,100
ijk_ikj_1500_125,16.8316E+9,5.743E+9,4.7522E+9,180E+3,0,5.822E+9,126.3E+6,122.02E+6,7.536E+6,6.98E+6,424E+3,0.4023,0.385,0.483,ijk_ikj,1500,125
ijk_ikj_1500_150,16.7502E+9,5.6542E+9,4.6692E+9,260E+3,0,5.79528E+9,114.48E+6,109.46E+6,10.772E+6,10.328E+6,356E+3,0.4694,0.459,0.493,ijk_ikj,1500,150
ijk_ikj_1500_250,16.4662E+9,5.6774E+9,4.6602E+9,200E+3,0,5.71926E+9,105.78E+6,84.588E+6,27.436E+6,27.06E+6,316E+3,0.5538,0.518,0.656,ijk_ikj,1500,250
ijk_ikj_1500_300,16.2882E+9,5.7348E+9,4.689E+9,180E+3,0,5.88874E+9,99.38E+6,79.404E+6,22.34E+6,22.1E+6,256E+3,0.6267,0.621,0.648,ijk_ikj,1500,300
ijk_ikj_1500_375,16.3432E+9,5.527E+9,4.5704E+9,100E+3,0,5.9648E+9,107.52E+6,87.336E+6,19.7E+6,19.516E+6,208E+3,0.3912,0.383,0.41,ijk_ikj,1500,375
ijk_ikj_1600_10,33.2054E+9,9.3172E+9,7.7178E+9,25.86E+6,0,9.07134E+9,60.64E+6,4.468E+6,56.496E+6,55.78E+6,592E+3,0.6787,0.646,0.821,ijk_ikj,1600,10
ijk_ikj_1600_16,25.4092E+9,7.0786E+9,5.8602E+9,10.94E+6,0,8.19024E+9,27.2E+6,1.84E+6,24.692E+6,23.996E+6,644E+3,0.4942,0.486,0.51,ijk_ikj,1600,16
ijk_ikj_1600_20,24.167E+9,7.1924E+9,5.9528E+9,7.24E+6,0,8.06028E+9,24.02E+6,4.356E+6,19.008E+6,17.976E+6,932E+3,0.5078,0.48,0.61,ijk_ikj,1600,20
ijk_ikj_1600_25,24.3822E+9,7.1302E+9,5.9026E+9,5.6E+6,20E+3,8.29534E+9,23.54E+6,8.728E+6,13.076E+6,11.684E+6,1.168E+6,0.5245,0.47,0.676,ijk_ikj,1600,25
ijk_ikj_1600_32,22.3564E+9,6.7116E+9,5.5592E+9,3.28E+6,0,8.13718E+9,21.96E+6,11.968E+6,8.6E+6,7.26E+6,1.152E+6,0.4699,0.454,0.517,ijk_ikj,1600,32
ijk_ikj_1600_40,21.767E+9,6.505E+9,5.3804E+9,2.08E+6,0,8.06434E+9,19.76E+6,12.22E+6,6.44E+6,5.112E+6,1.084E+6,0.4736,0.437,0.569,ijk_ikj,1600,40
ijk_ikj_1600_50,22.076E+9,6.7594E+9,5.58E+9,1.3E+6,20E+3,8.20618E+9,21.06E+6,14.656E+6,4.28E+6,3.052E+6,1.028E+6,0.4858,0.431,0.662,ijk_ikj,1600,50
ijk_ikj_1600_64,20.8932E+9,6.4558E+9,5.3342E+9,960E+3,0,7.85166E+9,51.1E+6,43.224E+6,3.492E+6,2.452E+6,868E+3,0.5034,0.485,0.598,ijk_ikj,1600,64
ijk_ikj_1600_80,20.6066E+9,6.8286E+9,5.645E+9,780E+3,0,7.16976E+9,157.48E+6,157.084E+6,3.104E+6,2.204E+6,740E+3,0.5098,0.461,0.608,ijk_ikj,1600,80
ijk_ikj_1600_100,20.3736E+9,6.8722E+9,5.6842E+9,440E+3,20E+3,7.05938E+9,164.3E+6,161.076E+6,4.892E+6,4.228E+6,512E+3,0.4791,0.468,0.53,ijk_ikj,1600,100
ijk_ikj_1600_160,20.031E+9,6.808E+9,5.6112E+9,340E+3,0,7.00882E+9,144.86E+6,130.248E+6,19.1E+6,18.588E+6,436E+3,0.5857,0.562,0.651,ijk_ikj,1600,160
ijk_ikj_1600_200,19.9184E+9,7.0112E+9,5.795E+9,160E+3,0,7.03092E+9,141.74E+6,111.284E+6,32.768E+6,32.288E+6,428E+3,0.5176,0.477,0.677,ijk_ikj,1600,200
ijk_ikj_1600_320,19.7504E+9,6.9284E+9,5.6676E+9,200E+3,20E+3,7.15006E+9,122.24E+6,100.596E+6,25.056E+6,24.748E+6,268E+3,0.7578,0.737,0.825,ijk_ikj,1600,320
ijk_ikj_1600_400,19.6902E+9,6.8322E+9,5.6512E+9,300E+3,0,7.17476E+9,127.98E+6,109.22E+6,19.608E+6,19.412E+6,216E+3,0.5441,0.473,0.726,ijk_ikj,1600,400
ijk_ikj_1700_10,39.8306E+9,11.5732E+9,9.546E+9,37.08E+6,0,10.94576E+9,76.62E+6,7.044E+6,69.4E+6,68.628E+6,696E+3,0.8306,0.784,0.967,ijk_ikj,1700,10
ijk_ikj_1700_17,32.1326E+9,9.0582E+9,7.4916E+9,13.1E+6,0,10.11042E+9,38.14E+6,7.48E+6,29.136E+6,27.764E+6,1.168E+6,0.6534,0.615,0.775,ijk_ikj,1700,17
ijk_ikj_1700_20,28.989E+9,8.5638E+9,7.0822E+9,9.46E+6,0,9.67936E+9,32.86E+6,8.484E+6,23.408E+6,21.836E+6,1.308E+6,0.6166,0.593,0.748,ijk_ikj,1700,20
ijk_ikj_1700_25,29.2482E+9,8.4128E+9,6.9618E+9,7E+6,0,10.0022E+9,30.24E+6,12.188E+6,15.508E+6,13.792E+6,1.464E+6,0.5939,0.566,0.658,ijk_ikj,1700,25
ijk_ikj_1700_34,27.9804E+9,8.2562E+9,6.8212E+9,3.56E+6,0,9.94794E+9,23.54E+6,13.084E+6,9.12E+6,7.296E+6,1.636E+6,0.596,0.553,0.778,ijk_ikj,1700,34
ijk_ikj_1700_50,26.4812E+9,7.9282E+9,6.5522E+9,1.82E+6,20E+3,9.94846E+9,19.78E+6,13.14E+6,4.856E+6,3.416E+6,1.224E+6,0.591,0.547,0.771,ijk_ikj,1700,50
ijk_ikj_1700_68,24.9562E+9,7.9162E+9,6.5508E+9,1.06E+6,20E+3,9.26886E+9,71.44E+6,66.544E+6,3.784E+6,2.604E+6,1.036E+6,0.6135,0.588,0.736,ijk_ikj,1700,68
ijk_ikj_1700_85,25.0546E+9,8.2014E+9,6.7904E+9,840E+3,0,8.84734E+9,164.26E+6,157.92E+6,3.988E+6,2.892E+6,912E+3,0.5889,0.552,0.647,ijk_ikj,1700,85
ijk_ikj_1700_100,24.442E+9,8.4356E+9,6.9648E+9,560E+3,0,8.49254E+9,192.9E+6,190.388E+6,4.768E+6,3.876E+6,696E+3,0.6831,0.655,0.742,ijk_ikj,1700,100
ijk_ikj_1700_170,24.2638E+9,8.9086E+9,7.3128E+9,340E+3,0,8.5721E+9,162.02E+6,138.76E+6,25.78E+6,25.18E+6,540E+3,0.7136,0.701,0.754,ijk_ikj,1700,170
ijk_ikj_1700_340,23.6668E+9,8.6604E+9,7.0636E+9,260E+3,20E+3,8.58018E+9,139.82E+6,115.88E+6,29.104E+6,28.704E+6,332E+3,0.8917,0.887,0.904,ijk_ikj,1700,340
ijk_ikj_1700_425,23.687E+9,8.5138E+9,7.0208E+9,260E+3,80E+3,8.63348E+9,150.06E+6,128.892E+6,24.548E+6,24.164E+6,388E+3,0.5883,0.563,0.637,ijk_ikj,1700,425
ijk_ikj_1800_10,47.2828E+9,14.005E+9,11.5708E+9,48.52E+6,40E+3,12.81546E+9,88.98E+6,6.32E+6,84.34E+6,83.092E+6,1.064E+6,0.9372,0.917,0.982,ijk_ikj,1800,10
ijk_ikj_1800_12,39.2228E+9,11.8368E+9,9.7708E+9,34.32E+6,60E+3,11.67978E+9,59.12E+6,3.328E+6,55.764E+6,54.168E+6,1.356E+6,0.8125,0.776,0.884,ijk_ikj,1800,12
ijk_ikj_1800_15,41.3508E+9,11.887E+9,9.8224E+9,22.18E+6,60E+3,12.89286E+9,47.12E+6,5E+6,40.636E+6,38.676E+6,1.708E+6,0.8256,0.776,1.152,ijk_ikj,1800,15
ijk_ikj_1800_18,38.272E+9,11.11E+9,9.1864E+9,15.06E+6,0,12.2426E+9,39.02E+6,6.064E+6,31.62E+6,29.392E+6,1.924E+6,0.743,0.728,0.786,ijk_ikj,1800,18
ijk_ikj_1800_20,34.4138E+9,10.6302E+9,8.7808E+9,12.42E+6,0,11.59154E+9,36.28E+6,7.476E+6,27.12E+6,24.684E+6,2.176E+6,0.7187,0.695,0.762,ijk_ikj,1800,20
ijk_ikj_1800_24,33.2548E+9,10.293E+9,8.5046E+9,8.78E+6,0,11.60192E+9,36.92E+6,12.932E+6,21.336E+6,18.384E+6,2.616E+6,0.7059,0.66,0.949,ijk_ikj,1800,24
ijk_ikj_1800_25,34.715E+9,10.3492E+9,8.5492E+9,7.98E+6,0,11.7153E+9,33.76E+6,12.3E+6,19.036E+6,16.236E+6,2.372E+6,0.7523,0.679,1.024,ijk_ikj,1800,25
ijk_ikj_1800_30,33.9634E+9,10.1298E+9,8.3738E+9,5.7E+6,60E+3,11.96012E+9,29.52E+6,14.128E+6,12.828E+6,10.424E+6,2.128E+6,0.7627,0.668,0.921,ijk_ikj,1800,30
ijk_ikj_1800_36,31.3658E+9,9.7452E+9,8.0338E+9,3.92E+6,20E+3,11.54208E+9,26.14E+6,15.324E+6,9.624E+6,7.224E+6,2.084E+6,0.72,0.648,0.886,ijk_ikj,1800,36
ijk_ikj_1800_40,30.9934E+9,9.7278E+9,8.0228E+9,3.16E+6,20E+3,11.5137E+9,26.34E+6,16.332E+6,8.652E+6,6.012E+6,2.28E+6,0.7365,0.664,1.053,ijk_ikj,1800,40
ijk_ikj_1800_45,31.5628E+9,9.6056E+9,7.931E+9,2.72E+6,20E+3,11.5579E+9,25.62E+6,17.128E+6,6.824E+6,4.488E+6,2.008E+6,0.6861,0.625,0.785,ijk_ikj,1800,45
ijk_ikj_1800_50,31.4328E+9,9.6432E+9,7.962E+9,2.12E+6,0,11.68E+9,26.32E+6,17.936E+6,5.684E+6,3.588E+6,1.756E+6,0.6726,0.624,0.902,ijk_ikj,1800,50
ijk_ikj_1800_60,29.8844E+9,9.6508E+9,7.9638E+9,1.74E+6,0,11.46468E+9,39.78E+6,31.288E+6,4.904E+6,3.264E+6,1.38E+6,0.683,0.651,0.886,ijk_ikj,1800,60
ijk_ikj_1800_72,29.521E+9,9.9168E+9,8.1818E+9,1.14E+6,20E+3,11.087E+9,98.52E+6,84.76E+6,5.136E+6,3.516E+6,1.388E+6,0.7169,0.699,0.768,ijk_ikj,1800,72
ijk_ikj_1800_75,30.3598E+9,10.0466E+9,8.3096E+9,1.14E+6,40E+3,11.07556E+9,123.12E+6,112.588E+6,5.204E+6,3.54E+6,1.328E+6,0.6701,0.641,0.74,ijk_ikj,1800,75
ijk_ikj_1800_90,29.7734E+9,10.3084E+9,8.5254E+9,960E+3,20E+3,10.21854E+9,224.66E+6,225.216E+6,5.232E+6,3.92E+6,1.08E+6,0.7206,0.667,0.824,ijk_ikj,1800,90
ijk_ikj_1800_100,29.0106E+9,10.174E+9,8.382E+9,760E+3,0,10.05742E+9,230.86E+6,228.672E+6,6.156E+6,4.956E+6,976E+3,0.7551,0.736,0.807,ijk_ikj,1800,100
ijk_ikj_1800_120,28.7968E+9,9.9768E+9,8.2258E+9,580E+3,140E+3,9.9635E+9,225.4E+6,222.596E+6,10.62E+6,9.56E+6,848E+3,0.7225,0.706,0.831,ijk_ikj,1800,120
ijk_ikj_1800_150,28.947E+9,10.0348E+9,8.2984E+9,340E+3,1.18E+6,10.2565E+9,205.9E+6,185.868E+6,19.808E+6,18.988E+6,644E+3,0.704,0.669,0.768,ijk_ikj,1800,150
ijk_ikj_1800_180,28.4352E+9,9.9948E+9,8.2144E+9,380E+3,0,10.1332E+9,198.76E+6,164.2E+6,34.008E+6,33.228E+6,704E+3,0.8142,0.804,0.854,ijk_ikj,1800,180
ijk_ikj_1800_200,28.3648E+9,10.2598E+9,8.418E+9,320E+3,20E+3,10.04916E+9,198.02E+6,156.636E+6,44.676E+6,43.852E+6,704E+3,0.904,0.888,0.983,ijk_ikj,1800,200
ijk_ikj_1800_225,28.4786E+9,10.47E+9,8.6218E+9,320E+3,240E+3,10.21124E+9,195.34E+6,147.476E+6,46.592E+6,45.912E+6,612E+3,0.7071,0.683,0.776,ijk_ikj,1800,225
ijk_ikj_1800_300,28.1434E+9,10.1828E+9,8.3248E+9,240E+3,0,10.12632E+9,176.62E+6,143.624E+6,39.092E+6,38.548E+6,468E+3,0.9133,0.904,0.941,ijk_ikj,1800,300
ijk_ikj_1800_360,28.0762E+9,9.8928E+9,8.0706E+9,320E+3,40E+3,10.31032E+9,175.48E+6,140.22E+6,35.112E+6,34.628E+6,368E+3,1.0741,1.038,1.203,ijk_ikj,1800,360
ijk_ikj_1800_450,28.1262E+9,9.8098E+9,8.0994E+9,460E+3,0,10.26956E+9,184.26E+6,158.148E+6,27.5E+6,26.828E+6,644E+3,0.6804,0.664,0.728,ijk_ikj,1800,450
ijk_ikj_1900_10,55.6056E+9,15.9588E+9,13.175E+9,65.26E+6,0,15.12346E+9,106.64E+6,8.048E+6,100.44E+6,98.78E+6,1.484E+6,1.167,1.09,1.477,ijk_ikj,1900,10
ijk_ikj_1900_19,45.1494E+9,12.9928E+9,10.7524E+9,16.72E+6,0,14.75856E+9,50.14E+6,12.212E+6,35.928E+6,32.48E+6,3.02E+6,0.9251,0.883,1.068,ijk_ikj,1900,19
ijk_ikj_1900_20,40.4702E+9,12.0544E+9,9.96E+9,15.2E+6,0,13.5516E+9,47.16E+6,13.104E+6,32.804E+6,29.58E+6,2.84E+6,0.888,0.828,1.009,ijk_ikj,1900,20
ijk_ikj_1900_25,40.8308E+9,11.7658E+9,9.7324E+9,9.8E+6,20E+3,13.87322E+9,42.42E+6,17.584E+6,22.144E+6,18.176E+6,3.48E+6,0.8674,0.803,1.039,ijk_ikj,1900,25
ijk_ikj_1900_38,38.3702E+9,11.1352E+9,9.2042E+9,4.28E+6,0,13.92774E+9,31.54E+6,18.836E+6,10.72E+6,6.984E+6,3.296E+6,0.8182,0.768,0.953,ijk_ikj,1900,38
ijk_ikj_1900_50,36.968E+9,10.7136E+9,8.856E+9,2.56E+6,0,13.791E+9,27.94E+6,18.812E+6,6.716E+6,3.944E+6,2.488E+6,0.8197,0.76,0.917,ijk_ikj,1900,50
ijk_ikj_1900_76,34.6038E+9,10.741E+9,8.8788E+9,1.26E+6,140E+3,12.796E+9,110.24E+6,96.464E+6,5.332E+6,3.328E+6,1.688E+6,0.8513,0.822,0.963,ijk_ikj,1900,76
ijk_ikj_1900_95,35.048E+9,11.2232E+9,9.2878E+9,880E+3,0,12.02186E+9,284.56E+6,282.424E+6,6.144E+6,4.672E+6,1.196E+6,0.8115,0.786,0.902,ijk_ikj,1900,95
ijk_ikj_1900_100,34.1186E+9,11.1578E+9,9.2222E+9,920E+3,0,11.78536E+9,274.52E+6,271.2E+6,6.2E+6,4.824E+6,1.052E+6,0.8765,0.821,1.022,ijk_ikj,1900,100
ijk_ikj_1900_190,33.7358E+9,11.447E+9,9.4028E+9,380E+3,0,11.84296E+9,232.82E+6,189.512E+6,46.98E+6,46.06E+6,748E+3,0.9672,0.945,1.061,ijk_ikj,1900,190
ijk_ikj_1900_380,32.9912E+9,11.3528E+9,9.2478E+9,380E+3,0,11.93078E+9,212E+6,179.292E+6,36.68E+6,36.076E+6,568E+3,1.2397,1.22,1.353,ijk_ikj,1900,380
ijk_ikj_1900_475,33.0858E+9,11.5766E+9,9.55E+9,720E+3,40E+3,11.9716E+9,212.7E+6,187.708E+6,31.8E+6,30.528E+6,1.048E+6,0.7972,0.781,0.839,ijk_ikj,1900,475
ijk_ikj_2000_10,64.854E+9,18.3298E+9,15.1686E+9,69E+6,40E+3,17.69546E+9,119.98E+6,5.02E+6,115.66E+6,113.464E+6,1.84E+6,1.3234,1.265,1.411,ijk_ikj,2000,10
ijk_ikj_2000_16,49.6292E+9,14.1154E+9,11.6658E+9,27.56E+6,20E+3,15.95792E+9,55.6E+6,5.144E+6,49.156E+6,46.096E+6,2.78E+6,1.0346,0.973,1.2,ijk_ikj,2000,16
ijk_ikj_2000_20,47.203E+9,13.8856E+9,11.4948E+9,16.96E+6,0,15.84824E+9,48.62E+6,9.276E+6,38.04E+6,34.212E+6,3.484E+6,1.0071,0.954,1.187,ijk_ikj,2000,20
ijk_ikj_2000_25,47.6204E+9,13.5764E+9,11.2296E+9,11.64E+6,0,16.22194E+9,43.22E+6,13.724E+6,25.648E+6,20.964E+6,4.148E+6,0.9656,0.935,1.062,ijk_ikj,2000,25
ijk_ikj_2000_40,42.5156E+9,12.6018E+9,10.4184E+9,4.58E+6,0,15.68838E+9,35.1E+6,21.176E+6,12.68E+6,8E+6,4.1E+6,0.9623,0.884,1.231,ijk_ikj,2000,40
ijk_ikj_2000_50,43.119E+9,12.8344E+9,10.6206E+9,3.32E+6,20E+3,16.0825E+9,32.7E+6,21.804E+6,8.296E+6,4.776E+6,3.092E+6,0.9202,0.843,1.034,ijk_ikj,2000,50
ijk_ikj_2000_80,40.24E+9,13.077E+9,10.8112E+9,1.36E+6,0,14.40528E+9,238.6E+6,228.66E+6,6.392E+6,4.104E+6,1.912E+6,1.0383,0.985,1.118,ijk_ikj,2000,80
ijk_ikj_2000_100,39.7958E+9,13.2714E+9,10.973E+9,1.14E+6,0,13.74746E+9,320.94E+6,316.252E+6,8.452E+6,6.816E+6,1.276E+6,0.9735,0.922,1.043,ijk_ikj,2000,100
ijk_ikj_2000_125,39.9038E+9,13.5164E+9,11.1914E+9,780E+3,20E+3,13.8981E+9,310.36E+6,295.216E+6,18.4E+6,16.848E+6,1.344E+6,0.9821,0.933,1.144,ijk_ikj,2000,125
ijk_ikj_2000_200,38.9048E+9,13.5706E+9,11.158E+9,420E+3,20E+3,13.71992E+9,279.92E+6,217.78E+6,64.896E+6,63.712E+6,1.02E+6,1.1536,1.111,1.264,ijk_ikj,2000,200
ijk_ikj_2000_250,39.0334E+9,13.3684E+9,11.0568E+9,500E+3,20E+3,13.82618E+9,263.82E+6,205.104E+6,63.412E+6,62.496E+6,816E+3,0.9798,0.932,1.04,ijk_ikj,2000,250
ijk_ikj_2000_400,38.4624E+9,13.2852E+9,10.8364E+9,720E+3,0,13.94674E+9,252.22E+6,216.776E+6,38.956E+6,38.308E+6,600E+3,1.4423,1.412,1.497,ijk_ikj,2000,400
ijk_ikj_2000_500,38.372E+9,13.1702E+9,10.8802E+9,980E+3,0,14.07088E+9,249.44E+6,218.668E+6,33.104E+6,32.14E+6,904E+3,0.9571,0.907,1.055,ijk_ikj,2000,500
ijk_100,2.4E+6,2.8E+6,3.6E+6,0,0,2.2E+6,20E+3,48E+3,0,0,0,0.0002,0,0.001,ijk,100,0
ijk_200,29.2E+6,29E+6,23.6E+6,0,0,17.72E+6,580E+3,408E+3,16E+3,16E+3,0,0.0025,0.002,0.003,ijk,200,0
ijk_300,95E+6,103.6E+6,83.4E+6,0,0,49.48E+6,2.18E+6,1.892E+6,628E+3,624E+3,0,0.0079,0.007,0.009,ijk,300,0
ijk_400,226E+6,255.2E+6,210.4E+6,0,0,124.28E+6,11.78E+6,5.996E+6,2.48E+6,2.456E+6,4E+3,0.0189,0.018,0.019,ijk,400,0
ijk_500,440E+6,498.2E+6,411.6E+6,0,0,176.74E+6,53.18E+6,59.744E+6,4.716E+6,4.704E+6,4E+3,0.0382,0.035,0.049,ijk,500,0
ijk_600,762.8E+6,865.8E+6,716.6E+6,20E+3,0,229.38E+6,214.88E+6,191.972E+6,8.66E+6,8.632E+6,12E+3,0.0655,0.062,0.08,ijk,600,0
ijk_700,1.2076E+9,1.3854E+9,1.1464E+9,40E+3,0,339.78E+6,343.02E+6,327.504E+6,15.808E+6,15.776E+6,4E+3,0.1013,0.098,0.116,ijk,700,0
ijk_800,1.8034E+9,2.1486E+9,1.7766E+9,20E+3,0,495.62E+6,498.74E+6,462.932E+6,57.324E+6,57.024E+6,140E+3,0.1576,0.149,0.19,ijk,800,0
ijk_900,2.569E+9,3.04E+9,2.512E+9,3.02E+6,0,731.1E+6,736.5E+6,678.268E+6,39.872E+6,39.36E+6,244E+3,0.2191,0.212,0.243,ijk,900,0
ijk_1000,3.519E+9,4.3138E+9,3.5622E+9,8.56E+6,20E+3,992.98E+6,1.0009E+9,925.828E+6,72.972E+6,70.952E+6,884E+3,0.3424,0.304,0.553,ijk,1000,0
ijk_1100,4.6838E+9,6.1972E+9,5.102E+9,17.14E+6,0,1.31284E+9,1.31882E+9,1.2387E+9,98.696E+6,93.26E+6,2.08E+6,0.4915,0.427,0.631,ijk,1100,0
ijk_1200,6.0806E+9,7.782E+9,6.424E+9,15.58E+6,0,1.70816E+9,1.73394E+9,1.564044E+9,158.86E+6,143.856E+6,5.168E+6,0.6105,0.542,0.772,ijk,1200,0
ijk_1300,7.7306E+9,11.2774E+9,9.2686E+9,244.96E+6,20E+3,2.15298E+9,2.15832E+9,1.965964E+9,255.372E+6,231.736E+6,9.392E+6,0.8667,0.762,1.22,ijk,1300,0
ijk_1400,9.654E+9,13.6504E+9,11.204E+9,218.04E+6,0,2.69398E+9,2.70816E+9,2.400428E+9,362.916E+6,319.688E+6,16.076E+6,1.0322,0.924,1.215,ijk,1400,0
ijk_1500,11.8734E+9,17.9686E+9,14.8638E+9,802.68E+6,20E+3,3.34302E+9,3.34884E+9,2.824108E+9,558.32E+6,508.428E+6,25.72E+6,1.381,1.254,1.659,ijk,1500,0
ijk_1600,14.4342E+9,39.5088E+9,32.6662E+9,2.33452E+9,0,4.07342E+9,4.0888E+9,632.628E+6,3.446748E+9,3.380168E+9,30.972E+6,2.8889,2.669,3.445,ijk,1600,0
ijk_1700,17.3028E+9,54.5988E+9,45.0892E+9,3.48376E+9,60E+3,4.9028E+9,4.91368E+9,3.601756E+9,1.293932E+9,1.19078E+9,55.892E+6,4.0824,3.882,4.513,ijk,1700,0
ijk_1800,20.5372E+9,75.2994E+9,62.1568E+9,4.89376E+9,40E+3,5.81502E+9,5.82734E+9,4.05012E+9,1.761108E+9,1.61612E+9,86.448E+6,5.5097,5.323,6.281,ijk,1800,0
ijk_1900,24.165E+9,101.936E+9,84.3502E+9,6.77954E+9,40E+3,6.81866E+9,6.8603E+9,4.446496E+9,2.4128E+9,2.242936E+9,107.528E+6,7.6615,7.364,8.039,ijk,1900,0
ijk_2000,28.1742E+9,101.7088E+9,84.098E+9,6.66346E+9,40E+3,7.90186E+9,8.0177E+9,5.180968E+9,2.823012E+9,2.62226E+9,108.928E+6,7.7876,7.298,8.287,ijk,2000,0
